0,2011-01-01
1,2011-01-03
2,2011-04-22
3,2011-04-25
4,2011-04-29
5,2011-05-02
6,2011-05-30
7,2011-08-29
8,2011-12-25
9,2011-12-26
10,2011-12-27
11,2012-01-01
12,2012-01-02
13,2012-04-06
14,2012-04-09
15,2012-05-07
16,2012-06-04
17,2012-06-05
18,2012-08-27
19,2012-12-25
20,2012-12-26
21,2013-01-01
22,2013-03-29
23,2013-04-01
24,2013-05-06
25,2013-05-27
26,2013-08-26
27,2013-12-25
28,2013-12-26
29,2014-01-01
30,2014-04-18
31,2014-04-21
32,2014-05-05
33,2014-05-26
34,2014-08-25
35,2014-12-25
36,2014-12-26
